,text,created_at,author_id,id
0,"@RadioCanadaInfo Go go go on spin √ßa √† fond!! 1-2-3 bient√¥t 4 doses! Pis si on spin pas les vaccins on spin les masques. √áa me fait penser, qu‚Äôest-ce qui se passe dont avec les r√©fugi√©s de l‚ÄôUkraine? Ils vont avoir le droit de voter pour Macron ou pas? √áa spin moins fort ces jours ci non?",2022-04-03T21:28:25.000Z,1483973972186308610,1510730966238736386
1,"RT @vaccinisgenocid: Al liggen de bewijzen er en worden de schapen elke dag weer genaaid door hun regering, toch blijven ze in hun regering‚Ä¶",2022-04-03T21:28:18.000Z,198965008,1510730939818721296
2,"@FrancvanHelden @MinPres ""genocide misdaden"" en ""experimentele gentherapiespuit"" ü§°

Man, dat je geen idee hebt van virussen en vaccins, is geen probleem hoor.

Maar laat dit soort bullsh#t dan gewoon achterwege.

Je zet jezelf nogal voor lul.",2022-04-03T21:28:09.000Z,1473248176022953985,1510730902443368448
3,"RT @GAUTHIERdeKERAN: @Clemence_Guette @JLMelenchon @melenchon_2022 Ils voulaient sortir de l'Europe, ils voulaient que la France quitte l'O‚Ä¶",2022-04-03T21:28:02.000Z,714317514,1510730873062277128
4,"RT @Chedon18: Ils voulaient sortir de l'Europe, ils voulaient que la France quitte l'OTAN et se place sous le joug de Poutine, ils voulaien‚Ä¶",2022-04-03T21:27:55.000Z,18737585,1510730844046045186
5,@MamanPirate @StefJam3 @sutur_7 @zonaclaire999 @verity_france 0 d√©c√®s a ce jour li√©s aux vaccins. C‚Äôest clairement √©crit dans les rapports de l‚Äôansm.,2022-04-03T21:27:32.000Z,39839423,1510730744569679885
6,"RT @catherine_avice: Beno√Æt Och #Internationalcovidsummit : ""au Luxembourg on a la chance d'avoir les donn√©es sur les EI des vaccins: il y‚Ä¶",2022-04-03T21:27:30.000Z,1213252698360840192,1510730736659226628
7,"RT @1dags_Vlinder: @danvandertuin Lareb is betrokken geweest bij het promoten van de vaccins?
Hetzelfde Lareb dat de bijwerkingen verzamelt‚Ä¶",2022-04-03T21:27:22.000Z,1319741809086636032,1510730705596211208
8,"RT @viorelionel39: @verity_france Le #PassVaccinalDeLaHonte et l'obligation vaccinale pour les soignants, les gendarmes et les pompiers, av‚Ä¶",2022-04-03T21:27:21.000Z,1487069017324019719,1510730699459944453
9,"Ils peuvent dire ce qu'ils veulent, seuls les faits comptent ! Les Vaccins mis √† part √™tre dangereux et provoquer des morts, ne servent √† rien ! Ils ne peuvent avoir aucun argument. C'est donc un Mensonge d'Etat avec la complicit√© des M√©dias. https://t.co/CnfxkJUhT6",2022-04-03T21:27:10.000Z,2808454606,1510730655642042368
10,[G√©rard Del√©pine] Les ¬´ vaccins ¬ª augmentent-ils le risque de contamination et de mort par Covid19 ? Confirmation un an plus tard https://t.co/bfKOGxobE0,2022-04-03T21:27:07.000Z,1119666311708205056,1510730639363825664
11,RT @france_soir: üì∞ Une enqu√™te internationale r√©v√®le qu‚Äôau moins 240 millions de doses de vaccins contre le Covid-19 ont √©t√© jet√©es en rais‚Ä¶,2022-04-03T21:26:57.000Z,2186669063,1510730597274202113
12,@Nowiga3 @anne_loush @Marc_Doyer @loulou2745 @verity_france Oui et un Chinois du p√©rou de 104 ans est d√©c√©d√© du covid apr√®s 17 vaccins. Un Homme de biribi les castagnettes de 64 ans d√©c√©d√©es apr√®s 59 vaccinations par erreur. Mon p√®re d√©c√©d√© en 2016 du vaccin moderna. Tu veux d'autres t√©moignage ? j'en ai plein la valise.,2022-04-03T21:26:55.000Z,1504053249447538689,1510730592274497556
13,RT @Annette_LEXA: @BallestarJordi @laprovence C'est l√©gitime de se poser la question de l'impact d'une antenne 5G sur les cellules du corps‚Ä¶,2022-04-03T21:26:48.000Z,1417848702631387142,1510730560586592256
14,"@spiritje78 ""experimentele vaccins""...

Met die onzin-claim ben je al af.

En de rest van je tweet is ook gewoon bullsh#t.",2022-04-03T21:26:32.000Z,1473248176022953985,1510730492441681929
15,"RT @GabinJean3: 1/2 Vaccins covid et sant√© cardiaque: ""Cette √©tude r√©v√®le un effet n√©faste sans pr√©c√©dent des vaccins COVID-19 sur la fibri‚Ä¶",2022-04-03T21:26:11.000Z,1428009494496358406,1510730406886539266
16,"RT @_2019_nCoV: üá≥üá¨Le Nigeria montre comment administrer plus d'un million de vaccins ; ces gens ne sont pas stupides.
#AbrogationPassVaccin‚Ä¶",2022-04-03T21:25:59.000Z,1471200240027979786,1510730354809839617
17,"RT @ChrisCottonStat: Angleterre-Recrudescence des r√©infections cause variant BA.2, baisse de l'immunit√© et assouplissement des mesures barr‚Ä¶",2022-04-03T21:25:48.000Z,1164635086249254914,1510730309557682176
18,"@AMarieDussault J'ai travaill√© sur les statistiques fran√ßaises officielles au sujet des vaccins contre le Covid :
https://t.co/tneAusF359",2022-04-03T21:25:41.000Z,1022791577830338560,1510730281036263431
19,"Que c'est √©trange... √áa fait deux fois que l'OMS p√©nalise des entreprises produisant des vaccins moins connus que ceux qui sont largement utilis√©s, ici notamment. Veut-elle pr√©server les parts de march√© de certaines entreprises en particulier? On peut poser la question https://t.co/d1KflkyNlM",2022-04-03T21:25:40.000Z,1131717785648807937,1510730276976365568
20,"RT @viorelionel39: @verity_france Le #PassVaccinalDeLaHonte et l'obligation vaccinale pour les soignants, les gendarmes et les pompiers, av‚Ä¶",2022-04-03T21:25:31.000Z,1463935612352974848,1510730238229106695
21,"RT @PhilippeMurer: Se poser des questions sur le #Mackinseygate c‚Äôest complotiste,
‚ñ∂Ô∏èSur les vaccins, complotiste,
‚ñ∂Ô∏èSur les sanctions √©con‚Ä¶",2022-04-03T21:25:31.000Z,1483533540482498565,1510730237440675843
22,"RT @ChrisCottonStat: Angleterre-Recrudescence des r√©infections cause variant BA.2, baisse de l'immunit√© et assouplissement des mesures barr‚Ä¶",2022-04-03T21:24:58.000Z,1508452645958303746,1510730098395201543
23,"@GradotM @lesamisdelabbe1 Et le ch√¥mage partiel quoi qu‚Äôil en co√ªte ? Beaucoup de fran√ßais on √©norm√©ment appr√©ci√© d‚Äô√™tre prot√©g√© pendant la pand√©mie, puis de b√©n√©ficier tr√®s rapidement des vaccins.",2022-04-03T21:24:46.000Z,797481860880334849,1510730050416566282
24,"@verity_france Le #PassVaccinalDeLaHonte et l'obligation vaccinale pour les soignants, les gendarmes et les pompiers, avec des #vaccins exp√©rimentaux ont √©t√© des mesures cruelles, de vraies #CrimesContreLHumanit√©.",2022-04-03T21:24:30.000Z,744531726966394880,1510729982972248066
25,"@veritebeaute Vaccin + fuite capillaire = prise de poids
https://t.co/pSizSDOMyr",2022-04-03T21:24:16.000Z,1359861412974260228,1510729923740241924
26,#ZoneInterdite les moutons qui se gavent de fakes news sur BFM-TV et qui font piquer avec un faux vaccins.,2022-04-03T21:24:07.000Z,2306369394,1510729884867440642
27,"@Lies72588478 @RonaldMeester @waukema @De_NieuweWereld @PieterOmtzigt Blablabla van een vaccinlasteraar. Je hebt vast ook wel een 51jarige neef die dood is gegaan aan een vaccinatie.
Zie nu in dat dit gewoon een gelopen races is en dat de vaccins veilig zijn gebleken en gunstig hebben uitgepakt op het ziekteverloop.",2022-04-03T21:23:47.000Z,1229883719307137025,1510729801216274434
28,@PaulaVD2201 Ca c sur le cerveau des anti vaccins il marche ‚Ä¶,2022-04-03T21:23:47.000Z,1264328010972397569,1510729800213749761
29,"RT @catherine_avice: Beno√Æt Och #Internationalcovidsummit : ""au Luxembourg on a la chance d'avoir les donn√©es sur les EI des vaccins: il y‚Ä¶",2022-04-03T21:23:43.000Z,4355640137,1510729785223360526
30,"RT @CStrateges: Revue de presse :
Des √©tudes officielles concluent que les vaccins COVID n'emp√™chent PAS les infections, les transmissions,‚Ä¶",2022-04-03T21:23:33.000Z,4252045456,1510729742533672964
31,"@verity_france ‚ñ™publier les chiffres avec le statut vaccinale exacte, les marques de vaccins, les n¬∞ de lots, les usines de fabrication, les dates d'injection, les dates/p√©riode des effets secondaires, les taux de vitamine et min√©raux, le sexe, l'age, les comorbit√©s.",2022-04-03T21:23:27.000Z,1248623765920960512,1510729719599276038
32,RT @france_soir: üì∞ Une enqu√™te internationale r√©v√®le qu‚Äôau moins 240 millions de doses de vaccins contre le Covid-19 ont √©t√© jet√©es en rais‚Ä¶,2022-04-03T21:23:26.000Z,1077314115046178816,1510729712351522828
33,"RT @MoniquePlaza3: √Ä quel moment les gens arr√™teront-ils de nier ce qui est √©vident? 

Quand l‚ÄôOmerta sera lev√©e, que les autorit√©s sanitai‚Ä¶",2022-04-03T21:23:13.000Z,1419053305699913729,1510729658563796993
34,RT @france_soir: üì∞ Une enqu√™te internationale r√©v√®le qu‚Äôau moins 240 millions de doses de vaccins contre le Covid-19 ont √©t√© jet√©es en rais‚Ä¶,2022-04-03T21:23:08.000Z,2285142342,1510729638628188166
35,RT @france_soir: üì∞ Une enqu√™te internationale r√©v√®le qu‚Äôau moins 240 millions de doses de vaccins contre le Covid-19 ont √©t√© jet√©es en rais‚Ä¶,2022-04-03T21:23:08.000Z,838111209853448193,1510729638468796423
36,"RT @GabinJean3: 1/2 Vaccins covid et sant√© cardiaque: ""Cette √©tude r√©v√®le un effet n√©faste sans pr√©c√©dent des vaccins COVID-19 sur la fibri‚Ä¶",2022-04-03T21:22:52.000Z,1476543811610451968,1510729570198118404
37,VACCIN / Dr.Vladimir ZELENKO nomin√© au Prix Nobel nous donne son avis sur les vaccins Covid... https://t.co/PNH0w6VU4a,2022-04-03T21:22:39.000Z,1218197251744505856,1510729516137779202
38,"RT @CStrateges: Revue de presse :
Des √©tudes officielles concluent que les vaccins COVID n'emp√™chent PAS les infections, les transmissions,‚Ä¶",2022-04-03T21:22:34.000Z,1283462358858375169,1510729498022580233
39,"RT @verity_france: Covid et vaccins: la v√©rit√© sort √† petites doses, mais‚Ä¶ https://t.co/AakxuDkAxs",2022-04-03T21:22:34.000Z,1420770482895392781,1510729497276002320
40,RT @sergiodde: 15 abandons en un tournoi.... Tous pris de malaises tr√®s √©tranges....Le Carnage des vaccins progresse rapidement chez les sp‚Ä¶,2022-04-03T21:22:12.000Z,1489696036851494916,1510729404770627585
41,"@Commander__Keen @mauraislive Pauvre con , explique toi. L immunit√© naturel existe. Les vaccins sauvent des vies, mais l immunit√© naturel existe aussi.",2022-04-03T21:21:47.000Z,408875793,1510729299648827394
42,"RT @Wal_Trudeau: Une √©tude chez 15 millions d‚Äôam√©ricains confirme que les complications cardiaques (myocardites, p√©ricardites) sont plus fr‚Ä¶",2022-04-03T21:21:45.000Z,556902767,1510729292568743947
43,RT @LetItShine69: üî•#Italie - Une dizaine de policiers maltraitent et arr√™tent une femme coupable de ne pas porter de masque m√©dical √† l'ext‚Ä¶,2022-04-03T21:21:44.000Z,862377592279748613,1510729287556546562
44,RT @france_soir: üì∞ Une enqu√™te internationale r√©v√®le qu‚Äôau moins 240 millions de doses de vaccins contre le Covid-19 ont √©t√© jet√©es en rais‚Ä¶,2022-04-03T21:21:00.000Z,1504820646466969603,1510729103485411329
45,"@Fulby_fr @AnatoleLCV @yumimikey @Carene1984 Des traitements il y en a toujours eu ... A l'√©chelle mondiale, il y a plus de morts en 2021, apr√®s 12 mois de vaccins, qu'en 2020, sans vaccin !!",2022-04-03T21:20:57.000Z,1422613187250298889,1510729088532717579
46,"RT @AfpFactuel: Les vaccins contre le Covid provoqueraient un ""effondrement du syst√®me immunitaire"" et m√™me le sida ? 

‚ùå Cette all√©gation,‚Ä¶",2022-04-03T21:20:36.000Z,1618703767,1510729000506826753
47,"https://t.co/cBjPER9LEe
[_- ...CONTENT, ils ont PERDU plein de POGNON CES ASSASSINS... -_]",2022-04-03T21:19:51.000Z,1427346493380481031,1510728813017284610
48,"RT @EmbaCubaFrancia: üíØExcellentes nouvelles
@BioCubaFarma rapporte qu'au 31/03,le taux cumul√© de d√©c√®s x million d'habitants √† #Cuba est 3‚Ä¶",2022-04-03T21:19:43.000Z,1414588476578795523,1510728778372296704
49,RT @PaulMaxit: #coronavirus #PassSanitaire Confirmation que les vaccins √† #ARNm massacrent le c≈ìur. @ChrisCottonStat,2022-04-03T21:19:26.000Z,1326583704957882368,1510728706918170625
